down_at,press_duration_ms,preceding_age_ms,next_sample_ms,previous_raw,next_raw,offline_interpolated_click_raw,max_raw_during_press,path_to_next_sample_counts,net_to_next_sample_counts,bounded_slope_next_raw,first_floor_ms
2402992.7449471,939.3846001476049,13.225500006228685,2.772000152617693,367,379,376.92067501165064,624,0.0,0.0,379.0,352.4310998618603
2402994.1103799,904.0124001912773,11.238900013267994,6.751399952918291,365,380,374.3707998485785,627,0.0,0.0,379.0,22.72489992901683
2402995.4463163,948.0534000322223,9.205900132656097,6.797799840569496,370,380,375.75235735989656,610,0.0,0.0,389.5959441017082,24.782999884337187
2402996.7984709,981.8460000678897,7.359600160270929,8.644199930131435,352,382,365.79597367881,618,0.0,0.0,379.0,26.634800247848034
2402998.208359,862.8254001960158,13.25659966096282,2.759000286459923,362,379,376.07141755389773,609,0.0,0.0,379.0,20.74340032413602
2402999.5343159,930.7865998707712,3.7265000864863396,12.30530021712184,375,397,380.1137738962634,612,0.0,0.0,384.18410483539617,27.900000102818012
2403000.8300369,1004.2805001139641,14.341299887746572,3.2327999360859394,361,381,377.3209496150672,624,0.0,0.0,379.0,18.271199893206358
2403002.1748955,879.3039000593126,23.377900011837482,3.2721003517508507,348,381,376.9482435221536,613,0.0,0.0,379.0,20.811600144952536
2403003.4087362,855.9737000614405,13.243800029158592,4.753800109028816,355,381,374.1324842264666,613,0.0,0.0,379.0,20.73739981278777
2403004.5541642,853.0476000159979,5.83200016990304,10.221699718385935,371,405,383.35154557245414,615,0.0,0.0,396.7898153642337,27.792199980467558
2403005.7194117,898.0223000980914,1.21749984100461,14.77780006825924,380,418,382.8924117847506,625,0.0,0.0,402.2429087752857,30.767899937927723
2403006.9233174,902.131300419569,3.1493999995291233,12.841599993407726,377,417,384.8779313386785,614,0.0,0.0,406.1111236352101,30.975700356066227
2403008.1473985,921.9818999990821,7.231499999761581,8.774000220000744,361,381,370.0362686582362,615,0.0,0.0,379.0,24.76540021598339
2403009.3874784,869.9524998664856,11.3001000136137,6.684300024062395,365,382,375.68157402131806,625,0.0,0.0,381.0167830887714,22.695899941027164
2403010.5834918,827.571399975568,5.3206998854875565,12.69409991800785,371,422,386.0629314297023,626,0.0,0.0,393.0717249810026,12.69409991800785
2403011.7291226,81.98089990764856,13.269499875605106,4.7426000237464905,348,380,371.57437491420137,514,0.0,0.0,379.0,20.725300069898367
2403011.9391173,93.98930007591844,5.281999707221985,10.73050033301115,361,468,396.295798111019,555,0.0,0.0,398.4125168023945,10.73050033301115
2403012.1431182,87.91740005835891,9.27109969779849,6.736500188708305,338,383,364.0625883554598,538,0.0,0.0,379.0,22.719299886375666
2403012.3270671,90.05350014194846,1.2249997816979885,16.77200011909008,383,480,389.602488163569,526,0.0,0.0,428.0871774799622,16.77200011909008
2403012.5389878,88.09139998629689,13.156400062143803,2.8828000649809837,335,380,371.91194062696695,533,0.0,0.0,379.0,20.875699818134308
2403012.7431141,95.98510013893247,17.256499733775854,0.7278001867234707,338,381,379.259848414036,532,0.0,0.0,379.0,16.741300001740456
2403012.9671103,103.86440018191934,7.277300115674734,10.741900186985731,359,382,368.2888640921432,520,0.0,0.0,387.06389044883025,26.72740025445819
2403013.1780566,96.61100013181567,0.3774999640882015,15.679500065743923,377,460,378.95132944890753,531,0.0,0.0,418.08137470719345,15.679500065743923
2403013.3765594,95.34560004249215,0.3315000794827938,17.766700126230717,382,468,383.57523988636837,495,0.0,0.0,428.4787882996846,17.766700126230717
2403013.5825959,108.83289994671941,3.5485001280903816,12.439999729394913,370,421,381.318979775822,500,0.0,0.0,393.6048559416272,12.439999729394913
2403013.8007733,105.94439972192049,5.263100378215313,10.299199726432562,366,436,389.6736873082816,518,0.0,0.0,388.9593297446401,10.299199726432562
2403013.9997745,100.42949998751283,5.7532996870577335,11.803100351244211,365,427,385.31763800206045,513,0.0,0.0,393.59573554123165,11.803100351244211
2403014.2024253,95.0505998916924,6.750599946826696,13.80239985883236,362,455,392.5457014056908,512,0.0,0.0,386.65612479436834,13.80239985883236
2403014.4094018,98.11299992725253,11.150499805808067,4.851500038057566,353,380,371.8141168412916,513,0.0,0.0,379.0,22.885600104928017
2403014.6014146,100.0119000673294,3.1608999706804752,12.864900287240744,364,432,377.4121974907326,520,0.0,0.0,393.380857531515,12.864900287240744
2403014.7914638,96.06420015916228,11.214799713343382,4.78280009701848,352,381,372.3298742025227,520,0.0,0.0,379.0,22.78330037370324
2403014.9795512,101.96090023964643,15.297299716621637,0.703700352460146,346,382,380.4167731654776,528,0.0,0.0,379.0,16.698600258678198
2403015.18351,97.4209001287818,3.2595996744930744,14.744900166988373,374,438,385.58679113578705,520,0.0,0.0,403.05963134360786,14.744900166988373
2403015.3931541,103.87929994612932,11.353000067174435,4.617900121957064,358,382,375.0605287357321,520,0.0,0.0,381.0113386651314,20.62870003283024
2403015.5870156,117.97069991007447,5.243000108748674,12.767999898642302,369,426,385.59269369141293,538,0.0,0.0,400.07131836163313,12.767999898642302
2403015.7850592,108.10999991372228,1.2811003252863884,14.726100023835897,377,437,381.8019652306906,527,0.0,0.0,403.74774745869274,14.726100023835897
2403015.9720126,98.32060011103749,5.28350006788969,10.26940019801259,366,421,384.6841359981597,504,0.0,0.0,393.42740804541114,10.26940019801259
2403016.1500652,116.0011999309063,17.725899815559387,0.8307001553475857,347,382,380.433198674178,558,0.0,0.0,379.0,16.820000018924475
2403016.3480581,108.06280001997948,11.132999788969755,6.832499988377094,355,381,371.1118809997258,524,0.0,0.0,379.0,22.866399958729744
2403016.5441925,116.08899990096688,7.302799727767706,8.702800143510103,363,380,370.7565099946572,534,0.0,0.0,390.0433497962854,26.6915000975132
2403016.7521233,89.99999985098839,15.223199967294931,0.7692999206483364,341,381,379.07584823876516,515,0.0,0.0,379.0,16.788000240921974
2403016.9341182,96.02099983021617,15.232500154525042,2.8095999732613564,347,383,377.39391210995245,518,0.0,0.0,379.0,18.771700095385313
2403017.1081508,105.97059968858957,5.217200145125389,12.75859959423542,369,421,384.0922023765362,520,0.0,0.0,391.9747789383995,12.75859959423542
2403017.3021221,92.04640006646514,15.21169999614358,0.7688002660870552,344,380,378.2680886627469,525,0.0,0.0,379.0,18.789099995046854
2403017.4701436,99.90009991452098,15.228900127112865,0.7452000863850117,350,381,379.553833870504,520,0.0,0.0,379.0,16.740700230002403
2403017.6641248,108.55320002883673,9.229599963873625,6.7610000260174274,364,381,373.8122146439185,533,0.0,0.0,380.916627077359,24.801500141620636
2403017.8341607,100.81120021641254,14.119899831712246,3.4441999159753323,352,380,374.5093913703146,491,0.0,0.0,379.0,20.982500165700912
2403018.3857986,1932.4399000033736,3.12810018658638,14.849800150841475,363,504,387.5335727771524,630,0.0,0.0,413.01684576306394,14.849800150841475
2403020.9119018,1526.2445998378098,7.282699923962355,8.721400052309036,354,381,366.2864077479223,636,0.0,0.0,387.8539342324631,24.71330016851425
2403022.6881721,1178.3533999696374,13.227799907326698,2.775699831545353,331,379,370.67472152415786,643,0.0,0.0,379.0,18.79270002245903
2403024.116155,972.2937000915408,5.246699787676334,10.753400158137083,368,443,392.59375162707585,633,5.414213562373095,5.0990195135927845,409.06839255869437,10.753400158137083
2403025.3140097,886.359500233084,3.3530001528561115,14.651100151240826,369,466,387.06483019609885,633,6.0,6.0,416.11490346455673,14.651100151240826
2403026.4982558,850.235799793154,17.22649997100234,0.7640998810529709,317,381,378.2817808861552,634,0.0,0.0,379.0,16.778400167822838
2403027.6205319,708.0477001145482,5.257799755781889,12.745700310915709,358,427,378.1509807429071,634,0.0,0.0,399.0917547580527,12.745700310915709
2403028.6832572,658.5774002596736,13.34839966148138,2.652800176292658,327,378,369.54483348982745,637,1.0,1.0,379.0,18.663600087165833
2403029.6307117,467.66450023278594,9.932299610227346,6.112900096923113,352,379,368.7135401472522,635,4.82842712474619,4.47213595499958,387.0430585980504,24.160700384527445
2403030.4104993,459.84459994360805,3.242800012230873,14.769500121474266,372,440,384.24221222136276,626,2.8284271247461903,2.8284271247461903,410.091947980469,14.769500121474266
2403031.1826013,417.16889990493655,7.801100146025419,10.209799744188786,353,378,363.8283042401784,619,9.414213562373096,8.246211251235321,388.08600465565206,26.199199724942446
2403031.8761277,352.2667000070214,15.261999797075987,0.744400080293417,339,384,381.90721187338545,621,0.0,0.0,379.0,16.732700169086456
2403032.492379,710.5016000568867,13.27840005978942,2.2535002790391445,353,381,376.93752171745814,627,2.0,1.4142135623730951,379.0,19.82819987460971
2403033.4455072,1646.4852998033166,15.917100012302399,1.603399869054556,330,378,373.6072489805777,629,0.0,0.0,379.0,16.646699979901314
2403035.3864372,519.9997001327574,3.213800024241209,14.782099984586239,371,430,381.5365222821432,622,0.0,0.0,427.1625397977979,14.782099984586239
2403036.1705832,444.53899981454015,1.3944003731012344,16.608799807727337,378,437,382.569722115326,628,0.0,0.0,426.1510679226602,16.608799807727337
2403037.257252,109.98130030930042,1.3067997060716152,16.68020011857152,374,494,382.71829467156317,629,5.0,5.0,425.72698217921936,16.68020011857152
2403037.5392376,115.31780008226633,17.172799911350012,0.8175000548362732,312,382,378.8191189726632,581,0.0,0.0,379.0,16.8655002489686
2403037.836106,93.5975001193583,11.345299892127514,4.675200209021568,317,381,362.3231290229249,615,2.0,2.0,379.0,21.7013000510633
2403038.1092509,95.54630005732179,1.2587998062372208,16.73950022086501,378,537,389.12044853626895,581,13.47213595499958,13.152946437965905,443.11941358196225,16.73950022086501
2403050.4849229,75.5129000172019,9.849200025200844,7.197699975222349,317,379,352.8217858699994,551,9.886349517372675,9.486832980505138,379.0,22.314200177788734
2403050.8125823,55.90729974210262,5.464700050652027,12.54640007391572,355,519,404.75880440998,526,31.35917360311745,31.064449134018133,397.0913620352476,12.54640007391572
2403051.0284273,76.20730018243194,3.6893999204039574,12.305200099945068,331,437,355.4505264942715,528,7.242640687119286,6.708203932499369,379.0,12.305200099945068
2403051.2812181,62.095200177282095,5.232799798250198,8.763600140810013,362,378,367.98188085054284,541,0.0,0.0,405.63945033137304,26.789600029587746
2403051.5007733,69.02649998664856,9.285800158977509,6.731600034981966,313,400,363.43668785498085,535,20.738768882709856,20.223748416156685,379.0,24.71210015937686
2403051.7474649,58.429399970918894,5.417999811470509,10.57399995625019,319,465,368.4639809882537,524,2.0,2.0,379.0,10.57399995625019
2403052.0023752,60.32440019771457,9.29669989272952,6.701600272208452,316,379,352.60964522503264,614,1.0,1.0,379.0,24.70229985192418
2403052.2960894,80.13160014525056,3.2442002557218075,16.31789980456233,370,516,394.2128010732864,607,11.23606797749979,5.656854249492381,427.0957966080452,16.31789980456233
2403052.6400898,88.72370002791286,11.41640031710267,4.59529971703887,316,382,363.0582398697287,625,3.0,2.23606797749979,379.0,22.59249985218048
2403052.9703931,102.59140003472567,9.507899638265371,8.50770017132163,339,522,435.57994472527366,619,9.0,6.708203932499369,379.0,8.50770017132163
2403053.3315094,112.75319987908006,3.222800325602293,12.76789978146553,359,548,397.091469257785,629,0.0,0.0,405.046526995222,12.76789978146553
2403053.7003142,114.63470011949539,5.185999907553196,12.792500201612711,348,521,397.90282718575054,625,0.0,0.0,382.0188839298921,12.792500201612711
2403054.0497457,128.52129992097616,3.437099978327751,14.553700108081102,358,560,396.59162417944435,630,0.0,0.0,404.1947762165704,14.553700108081102
2403054.3868829,97.93659998103976,3.208099864423275,14.784800354391336,367,582,405.33409080598153,622,0.0,0.0,420.0665286244501,14.784800354391336
2403054.7365901,88.77180004492402,3.2270001247525215,12.78579980134964,364,516,394.6319957300423,595,1.0,1.0,408.58181072528964,12.78579980134964
2403055.1075297,68.30320041626692,7.508399896323681,8.508000057190657,316,386,348.81561363777837,591,39.356451097651515,39.11521443121589,379.0,24.504300206899643
2403055.3218053,65.64569985494018,4.20930003747344,12.825699988752604,314,570,377.2568716133973,610,30.171732803158715,29.427877939124322,379.0,12.825699988752604
2403055.5147942,52.8241996653378,13.57170008122921,1.9393996335566044,314,391,381.37245749625947,584,3.23606797749979,3.1622776601683795,379.0,19.54689994454384
2403055.7017204,50.64440006390214,17.883399967104197,0.12880004942417145,313,399,398.38503879368903,557,1.0,1.0,379.0,14.191700145602226
2403055.8865992,52.2859999909997,3.553799819201231,14.444200322031975,376,512,402.8539155249863,527,12.0,12.0,439.1587565667652,14.444200322031975
2403056.0775503,57.398300152271986,7.586699910461903,8.418399840593338,352,381,365.7465121008627,567,5.414213562373095,5.0990195135927845,387.68430167013975,24.417399894446135
2403056.2563537,59.21109998598695,5.309300031512976,11.23919989913702,344,509,396.9373966746744,568,20.46284073991415,18.384776310850235,379.0,11.23919989913702
2403056.4405491,50.1785003580153,3.2726996578276157,14.793500304222107,383,535,410.534863393229,576,35.10808575956283,34.52535300326414,452.1552821711019,14.793500304222107
2403056.6245192,31.04860009625554,3.1856000423431396,12.834900058805943,319,440,343.0602729434066,440,1.4142135623730951,1.4142135623730951,379.0,12.834900058805943
2403056.7767195,60.15310017392039,5.752800032496452,10.248400270938873,313,398,343.5594576337637,592,7.656854249492381,7.0710678118654755,379.0,26.248800102621317
2403056.9603347,46.530399937182665,7.2695002891123295,8.734799921512604,315,384,346.3412966107541,502,0.0,0.0,379.0,26.75179997459054
2403057.1497169,65.18449960276484,13.626300264149904,3.3960998989641666,312,399,381.64283013096366,614,16.32455532033676,16.1245154965971,379.0,21.39989985153079
2403057.3432741,58.42769984155893,5.607400089502335,10.958899743855,314,592,408.0980931506979,608,11.65685424949238,10.770329614269007,379.0,10.958899743855
2403057.5339124,58.00880026072264,13.535099569708109,4.004500340670347,314,395,376.50673166710226,600,10.23606797749979,10.04987562112089,379.0,21.5597003698349
2403057.7512487,32.253199722617865,11.491000186651945,4.5058997347950935,361,377,372.4932270558207,377,0.0,0.0,404.04029619642796,
2403057.9312329,54.41420013085008,7.45509983971715,8.047400042414665,312,377,343.25828048804846,546,13.16227766016838,13.038404810405298,379.0,24.72619991749525
2403058.1386777,55.6453000754118,15.710500068962574,0.3917999565601349,313,380,378.3697610249517,530,2.0,2.0,379.0,16.27880008891225
2403058.332976,56.42489995807409,5.985999945551157,11.038499884307384,315,512,384.2673500577888,553,34.16227766016838,34.0147027033899,379.0,11.038499884307384
2403058.5314775,53.848599549382925,5.469100084155798,10.525899939239025,315,518,384.4108981218988,534,13.82842712474619,13.152946437965905,379.0,10.525899939239025
2403058.7255004,54.06280001625419,1.4882003888487816,16.506099607795477,398,555,410.98452627181007,572,33.35917360311745,33.06055050963308,482.5250979392391,16.506099607795477
2403058.9230138,51.17130000144243,15.895099844783545,1.5715002082288265,314,391,384.07217685947126,537,11.123105625617661,11.045361017187261,379.0,18.11830000951886
2403059.1188392,54.17799996212125,11.843800079077482,5.207299720495939,314,408,379.29298523378156,582,5.23606797749979,5.0990195135927845,379.0,21.27770008519292
2403059.3335032,68.55459976941347,9.26200021058321,8.732799906283617,314,381,348.48518516898775,550,18.35917360311745,18.110770276274835,379.0,24.73489986732602
2403059.5556113,60.847700107842684,13.223899994045496,2.7844002470374107,312,416,397.9107824484243,601,8.28538328578604,8.246211251235321,379.0,20.887500140815973
2403059.7639176,66.40980020165443,3.7449998781085014,12.253500055521727,319,558,374.9461808657729,616,24.039331962455623,23.08679276123039,379.0,12.253500055521727
2403059.9793578,60.4611998423934,3.1020999886095524,14.957900159060955,379,526,404.2496508636199,570,37.98498013394518,37.33630940518894,446.1679973160672,14.957900159060955
2403060.1845226,50.182000268250704,7.5205001048743725,8.475000038743019,315,469,387.40517681548,532,15.650281539872886,15.132745950421556,379.0,8.475000038743019
2403060.3957004,46.894699800759554,15.284700319170952,0.7026996463537216,313,402,398.0881526289238,533,6.0,6.0,379.0,17.265399917960167
2403060.604737,59.73829980939627,7.6905000023543835,8.312900085002184,313,393,351.444330381668,559,13.0,13.0,379.0,24.31829972192645
2403060.8095245,48.29690000042319,13.326499611139297,2.699000295251608,313,379,367.88433930129275,534,5.0,5.0,379.0,20.674800034612417
